Alternative Investments,Corporate Bonds,Domestic Cyclical Equity,Domestic Defensive Equity,Domestic Financial Equity,Emerging Market Equity,Global Tech Equity,JMD T-Bill,Long Government Bonds,Real Estate Fund,Short Government Bonds,USD T-Bill
1.0,0.572579201,0.470955974,0.365077981,0.413137029,0.478317782,0.475078527,0.096101364,0.455910738,0.580671474,0.522121078,0.120401169
0.572579201,1.0,0.312902632,0.216279839,0.264662677,0.219384896,0.176789974,0.056729178,0.595406475,0.281761077,0.571739196,0.070532529
0.470955974,0.312902632,1.0,0.381631295,0.621511541,0.46875387,0.431190182,0.072824667,-0.300916718,0.515521637,0.11524657,0.019217445
0.365077981,0.216279839,0.381631295,1.0,0.181865377,0.269794268,0.281036102,0.071570323,-0.110785378,0.427864419,0.177232496,-0.060347564
0.413137029,0.264662677,0.621511541,0.181865377,1.0,0.379400411,0.381178557,0.062237726,-0.264889108,0.466803338,0.116320792,0.029384712
0.478317782,0.219384896,0.46875387,0.269794268,0.379400411,1.0,0.779514346,0.039979989,-0.118014595,0.339754654,0.079846888,0.229985186
0.475078527,0.176789974,0.431190182,0.281036102,0.381178557,0.779514346,1.0,0.041434263,-0.170633721,0.328243578,0.067783161,0.279453807
0.096101364,0.056729178,0.072824667,0.071570323,0.062237726,0.039979989,0.041434263,1.0,-0.169508729,0.0783305,0.11729058,0.219383073
0.455910738,0.595406475,-0.300916718,-0.110785378,-0.264889108,-0.118014595,-0.170633721,-0.169508729,1.0,0.170412231,0.697043676,0.057273145
0.580671474,0.281761077,0.515521637,0.427864419,0.466803338,0.339754654,0.328243578,0.0783305,0.170412231,1.0,0.381236954,0.050328873
0.522121078,0.571739196,0.11524657,0.177232496,0.116320792,0.079846888,0.067783161,0.11729058,0.697043676,0.381236954,1.0,0.060466794
0.120401169,0.070532529,0.019217445,-0.060347564,0.029384712,0.229985186,0.279453807,0.219383073,0.057273145,0.050328873,0.060466794,1.0
